"problem","total_requests","with_closure_time","missing_closure_time","median_hours","mean_hours"
"Snow or Ice",5161,5161,0,53.1986111111111,75.5023104372538
"Dirty Condition",3994,3972,22,20.2370833333333,31.0301276295177
"Derelict Vehicles",3543,3538,5,18.6666666666667,27.9727199924628
"Missed Collection",2994,2994,0,53.5736111111111,75.7244001892674
"Illegal Dumping",2599,2582,17,54.4766666666667,93.4496323909114
"Graffiti",1437,1419,18,834.699444444444,717.028793751468
"Residential Disposal Complaint",1309,1308,1,24.3026388888889,40.0364853041115
"Vendor Enforcement",1307,1307,0,0.405277777777778,3.02037256652214
"Obstruction",1278,1270,8,23.9116666666667,50.3094361329834
"Dead Animal",698,698,0,39.7168055555556,62.0132346386501
"Street Sweeping Complaint",437,437,0,70.5263888888889,107.190436053903
"Illegal Posting",325,325,0,67.1125,74.645052991453
"Sanitation Worker or Vehicle Complaint",313,313,0,94.4491666666667,116.513459353923
"Litter Basket Request",305,305,0,76.1830555555556,95.2813433515483
"Commercial Disposal Complaint",198,198,0,1.08027777777778,15.5517578563412
"Abandoned Bike",172,172,0,68.34,92.9630813953488
"Dumpster Complaint",159,159,0,54.4116666666667,90.1128092243187
"Lot Condition",59,13,46,99.0380555555556,1783.60239316239
"Highway Condition",43,43,0,114.435,207.392751937984
"Litter Basket Complaint",23,23,0,22.6305555555556,49.0924033816425
"Incorrect Data",5,5,0,1.8325,12.5551666666667
"Recycling Basket Complaint",5,5,0,95.0716666666667,93.5545
"Institution Disposal Complaint",3,3,0,76.5613888888889,162.109444444444
"Oil or Gas Spill",2,2,0,72.0106944444444,72.0106944444444
"Unspecified",1,1,0,6.31222222222222,6.31222222222222
