"complaint_type","count","median_hours","mean_hours"
"Lot Condition",1,6589.015,6589.015
"Graffiti",85,840.521666666667,789.022676470588
"Highway Condition",2,237.229305555556,237.229305555556
"Litter Basket Request",17,91.7591666666667,151.414901960784
"Sanitation Worker or Vehicle Complaint",7,55.5558333333333,146.973174603175
"Illegal Dumping",155,48.6305555555556,93.1454516129032
"Street Sweeping Complaint",39,47.6138888888889,136.777962962963
"Dumpster Complaint",7,34.5805555555556,82.9793253968254
"Abandoned Bike",5,34.1677777777778,80.8268333333333
"Dead Animal",37,30.3291666666667,66.6027102102102
"Obstruction",56,24.2358333333333,53.275193452381
"Residential Disposal Complaint",59,23.3847222222222,45.4624811676083
"Dirty Condition",229,22.2177777777778,33.5443219311014
"Illegal Posting",23,18.9863888888889,68.394806763285
"Derelict Vehicles",189,18.7666666666667,25.6047619047619
"Snow or Ice",1,3.52305555555556,3.52305555555556
"Commercial Disposal Complaint",8,1.625,17.4610069444444
"Vendor Enforcement",73,1.47111111111111,1.45914383561644
